id,firstname,lastname,birthdate,city
2002,Andrew,Carter,1932-12-22,Saipan
2007,Thomas,Lee,1988-05-21,Monaco
2009,Samantha,Jackson,1992-11-04,Kiev
2011,Elizabeth,Nelson,1949-01-13,Manila
2019,Kristen,Gutierrez,2001-02-09,Hanoi
2023,Megan,Diaz,1994-09-13,Riga
2029,Christina,Hill,2004-10-13,Mexico City
2037,Krystal,Jackson,1987-05-11,Thimphu
2042,Kyle,Williams,1935-04-11,Damascus
2046,Sara,Walker,1936-09-23,Vientiane
2047,Erica,Cook,1943-12-23,Paris
2053,David,Turner,1960-12-02,Stanley
2054,Tara,Morgan,1961-10-14,Kiev
2061,Courtney,Scott,2005-10-06,Pristina
2068,Andrea,Lewis,1988-01-25,Damascus
2069,Sean,Cooper,1935-12-06,Hanoi
2078,Megan,Anderson,1987-01-12,Hamilton
2086,Jenna,Brown,1930-05-16,Maseru
2089,Christine,Hall,1947-07-12,Kabul
2096,Edward,Miller,1935-05-21,Maseru
2099,Emily,Cook,1983-02-19,Pyongyang
2107,Lindsey,Robinson,1985-10-01,Taipei
2117,Kristin,Peterson,1976-03-21,Oslo
2122,Lindsay,Sanchez,1954-06-26,Maputo
2131,Juan,Brown,1980-10-21,Damascus
2136,Jenna,Hill,1958-01-16,Muscat
2138,Lauren,Allen,1931-04-27,Tehran
2145,Shane,Peterson,1990-03-15,Willemstad
2154,Amy,Mitchell,1997-07-22,Dhaka
2162,Tiffany,Morgan,1976-04-19,Kiev
2163,Katie,Wilson,1960-10-22,Jakarta
2164,Kristina,Johnson,2001-04-08,Vientiane
2165,Katherine,King,1948-07-02,Oslo
2173,Lindsey,Martinez,2001-10-03,Manila
2180,Jesse,Walker,1932-04-16,Hamilton
2186,Jennifer,Johnson,1966-08-07,Hanoi
2193,Benjamin,Peterson,1929-05-25,Helsinki
2202,Stephanie,Morgan,1932-02-28,Warsaw
2206,Jack,Ripper,1966-12-11,London
2207,Steven,Smith,1969-01-20,Kingston
2216,Allison,Carter,1966-11-12,Luxembourg
2226,Sean,Roberts,1974-09-01,Tirana
2227,Sarah,Evans,1942-04-25,Tegucigalpa
2233,Erica,Rodriguez,1948-04-14,Dublin
2243,Jordan,Walker,2005-03-07,Minsk
2250,Jacqueline,Torres,1952-12-19,Reykjavík
2255,Samantha,Evans,1995-04-22,Minsk
2262,Bryan,Rogers,1981-08-23,Nicosia
2271,Joshua,Smith,1931-02-13,Jamestown
2273,Richard,Hall,1933-10-01,Tegucigalpa
2282,Emily,Hall,1979-10-08,Tunis
2286,Lisa,Nguyen,1953-10-06,Stockholm
2296,Kimberly,Perez,1956-05-23,Prague
2304,Monica,Wilson,1988-12-27,Dhaka
2305,Maria,Reyes,1937-10-21,Tokyo
2309,Megan,Garcia,1992-04-18,Copenhagen
2319,Benjamin,Jones,1971-05-15,Nicosia
2323,Scott,Murphy,1961-08-03,Pristina
2327,Emily,Ramirez,1942-08-02,Kingstown
2332,Melissa,Scott,1939-08-01,Tehran
2341,Joshua,Perez,1930-09-20,Castries
2351,Sarah,Murphy,1969-03-03,Moscow
2360,Joel,Robinson,1980-07-19,Tunis
2361,Joseph,Sanchez,1994-02-10,Stanley
2363,Corey,Sanchez,1934-06-05,Philipsburg
2368,Christina,Jackson,1955-08-06,Tegucigalpa
2375,Angela,Gutierrez,1957-05-10,Stockholm
2385,Krystal,Rodriguez,1955-10-01,Helsinki
2390,Melissa,Rodriguez,1988-07-04,Kampala
2400,Stephen,Thompson,1944-10-23,Canberra
2409,Jacob,Clark,1942-09-04,Castries
2417,Megan,Ortiz,1953-06-21,Valletta
2420,Edward,Gutierrez,1937-08-02,Kiev
2428,Elizabeth,Williams,1960-03-10,Seoul
2436,Joshua,White,1964-03-07,Nicosia
2442,Courtney,Perez,1937-12-22,Stockholm
2443,Peter,Mitchell,2005-07-13,Kuwait City
2450,Alicia,Roberts,1938-11-24,Juba
2456,Jeffrey,Campbell,1996-01-12,Riyadh
2460,John,Anderson,1940-06-07,Victoria
2470,Jeremy,Taylor,1981-07-13,Copenhagen
2479,Shawn,Lopez,1982-10-20,Manila
2480,Keith,Torres,1993-07-22,Niamey
2483,Derek,Allen,1971-12-15,Muscat
2493,Brittany,Robinson,1933-07-18,Castries
2501,Matthew,Adams,1955-01-28,Ottawa
2510,Maria,Collins,1980-08-25,Tallinn
2519,Mary,Jones,1940-04-10,Sarajevo
2528,April,Young,1940-11-05,Dublin
2534,Cody,Harris,1998-12-18,Pyongyang
2541,Christine,Hernandez,1996-08-09,Sarajevo
2550,Jonathan,Ramirez,1926-05-20,Kinshasa
2558,Thomas,Morgan,1946-02-07,Dublin
2559,Brittany,Evans,1959-03-11,Madrid
2565,John,Murphy,1990-06-10,Jakarta
2572,Donald,Smith,2000-10-28,Lima
2579,Bryan,Gonzalez,1975-09-05,Castries
2585,Tyler,Walker,1982-04-15,Hanoi
2587,Bradley,Martinez,1941-07-25,Riga
2591,Richard,Roberts,1965-03-18,Skopje
2593,William,Lopez,1931-01-18,Washington
2600,Juan,Brown,1980-09-23,Stockholm
2609,Chad,Robinson,1954-01-18,Washington
2611,Ryan,Harris,2005-01-22,Minsk
2616,Kristen,Cooper,1984-07-12,Vientiane
2625,Tara,Allen,1960-12-21,Wellington
2633,Ryan,Wright,1939-01-03,Nairobi
2634,Dustin,Young,1992-09-25,Niamey
2639,Daniel,Ortiz,1952-06-24,Madrid
2648,Anthony,Nelson,1968-10-14,Seoul
2650,Ashley,Thompson,1956-09-18,Riyadh
2651,Thomas,Robinson,1936-12-16,Kinshasa
2655,Brandon,Davis,1955-08-22,Charlotte Amalie
2659,Heather,Smith,1949-08-08,Vientiane
2661,Melissa,Sanchez,1948-05-28,Luxembourg
2668,Christina,Ortiz,1986-01-08,Hamilton
2677,Joseph,Johnson,1983-04-27,Riga
2685,Michael,Smith,1993-04-01,Dhaka
2687,Edward,Evans,2004-05-23,Kabul
2688,Sarah,Lopez,1945-11-22,Ottawa
2692,Alexander,Gomez,1942-03-18,Saipan
2695,Emily,Hall,1936-01-27,Paris
2697,Christine,Torres,2001-11-02,Washington
2706,Angela,Williams,1951-06-08,Kiev
2712,Laura,Williams,1954-10-10,Nairobi
2713,Bradley,Hill,1970-04-18,Kabul
2723,Katherine,Morris,1926-04-26,Nicosia
2724,Alicia,Collins,1943-10-21,Maseru
2730,Kelly,Gonzalez,1980-02-07,Riga
2731,Jose,Nelson,1927-08-06,Wellington
2741,Jacqueline,Nguyen,1973-05-22,Vienna
2745,Katie,Martinez,1968-07-22,Praia
2750,Jordan,Campbell,1960-12-24,Copenhagen
2758,Jeremy,Stewart,1947-03-11,Rome
2763,Tara,Reyes,1976-08-06,Praia
2769,Kristen,Davis,1983-09-26,Havana
2776,Natalie,Thompson,1976-08-10,Castries
2785,Tyler,Young,1958-11-13,Dublin
2786,Travis,Nelson,1949-10-28,Lisbon
2789,Robert,Morris,1982-08-24,Monaco
2792,Crystal,Jones,1945-08-25,Juba
2793,Angela,Ramirez,1933-04-12,Warsaw
2800,Steven,Parker,1986-09-13,Kampala
2805,Jose,Roberts,1988-11-13,Oslo
2810,Gregory,Campbell,1926-05-23,Willemstad
2820,Jenna,Roberts,1971-06-05,Dhaka
2825,Emily,Nelson,1932-03-10,Luxembourg
2832,Samantha,Davis,1946-11-22,Ankara
2839,Kenneth,Sanchez,1967-05-27,Gibraltar
2848,Heather,Wright,1946-08-06,Jamestown
2853,Jose,Edwards,1932-12-20,Vientiane
2856,Tyler,Jackson,1983-05-22,Washington
2859,Erin,Wilson,1984-05-09,Tegucigalpa
2860,Krystal,Stewart,1969-04-24,Hamilton
2870,Kristina,Collins,1998-03-14,Ottawa
2876,Timothy,Reyes,1982-06-21,Paris
2878,Kevin,Wilson,1991-09-05,Kinshasa
2887,Lauren,Johnson,1940-10-12,Valletta
2892,Steven,Hill,1948-01-13,Praia
2895,Alicia,Martinez,1974-08-06,Oslo
2901,Natalie,Williams,1965-06-05,Copenhagen
2902,Steven,Phillips,1994-06-10,Jamestown
2904,Alicia,Campbell,1997-11-25,Tunis
2913,Alicia,Jones,1945-05-07,Nassau
2920,Alexander,Torres,1954-10-23,Charlotte Amalie
2928,Laura,Garcia,1932-06-02,Dublin
2937,Daniel,Perez,1976-05-22,Tashkent
2946,Andrew,Clark,1961-04-11,Castries
2949,Ashley,Johnson,1934-12-12,Damascus
2955,Juan,Flores,1980-08-16,Pyongyang
2964,David,Nilson,1929-09-16,Kuwait City
2973,Jacqueline,Nguyen,1933-06-14,Kathmandu
2977,Andrea,Taylor,1970-06-16,Praia
2985,Rachel,Parker,1931-08-13,Maseru
2993,Rachel,Sanchez,2003-06-16,Canberra
3000,Anthony,Johnson,1985-11-14,Kampala
3009,Patrick,Taylor,1985-06-28,Valletta
3016,Jessica,Clark,1947-11-12,Gibraltar
3022,Elizabeth,Adams,2000-10-01,Manila
3030,Kyle,Lee,1970-07-09,Moscow
3038,Anthony,Moore,1931-06-18,Doha
3041,Lisa,Flores,1981-02-21,Oslo
3046,Jason,Wright,2001-03-12,Tegucigalpa
3047,Jamie,King,1933-09-08,Luxembourg
3048,Michael,Reyes,1931-01-20,Mogadishu
3054,Marcus,Turner,1985-07-08,Hanoi
3058,Daniel,Diaz,1992-10-27,Charlotte Amalie
3063,Lisa,Lee,1954-04-18,Gibraltar
3068,Keith,Smith,1955-05-18,Kinshasa
3071,Bradley,Perez,1936-03-02,Warsaw
3078,Sara,Peterson,1990-02-02,Stockholm
3083,Benjamin,Scott,1929-12-05,Copenhagen
3090,David,Cooper,1939-10-03,Prague
3095,Patrick,Stewart,1976-05-20,Moscow
3104,Joel,Lopez,1952-01-03,Stockholm
3114,Jenna,Taylor,1990-12-25,Valletta
3117,Vanessa,Reyes,1991-09-13,Havana
3121,Joshua,Taylor,1958-01-01,Jakarta
3131,Allison,Morgan,1952-12-24,Helsinki
3138,Sara,Harris,1943-04-16,Lima
3139,Amy,Jackson,1988-09-20,Dhaka
3143,Jennifer,Perez,1983-07-28,Kathmandu
3144,Melissa,Cruz,1959-01-14,Kuwait City
3150,Brian,Cruz,1997-07-10,Singapore
3160,Kristina,Lee,2002-12-12,Tallinn
3169,Jesse,Young,1978-02-12,Copenhagen
3171,Chad,Anderson,1967-02-25,Paris
3181,Marcus,Morales,1978-10-27,Kingston
3191,Cody,Perez,1940-07-04,Taipei
3201,Brian,Torres,1939-11-23,Willemstad
3202,Corey,Ramirez,1975-05-17,Nairobi
3209,Stephanie,Gomez,1940-09-12,Doha
3215,Anna,Hill,1965-01-18,Warsaw
3219,Erica,Sanchez,1928-07-16,Hanga Roa
3226,Andrew,Moore,1936-11-08,Montevideo
3233,Paul,Green,1981-08-08,Sofia
3240,Nicholas,Robinson,1996-06-23,Kigali
3243,John,Gonzalez,1991-05-21,Ottawa
3248,Matthew,Scott,1970-02-11,Mogadishu
3249,Anna,Thompson,1952-10-28,Tokyo
3252,Heather,Mitchell,1935-01-17,Taipei
3259,Lindsay,Roberts,1993-09-11,Thimphu
3269,Holly,Allen,1961-12-12,Damascus
3275,Angela,Johnson,1999-01-24,Vienna
3277,Shawn,Taylor,1986-10-14,Juba
3285,Amanda,Sanchez,1946-01-06,Thimphu
3295,Heather,Moore,1932-10-25,Road Town
3300,Mary,Carter,1958-08-12,Tunis
3303,Sean,Cooper,1939-09-24,Pyongyang
3305,Elizabeth,Roberts,1936-08-04,Willemstad
3314,Joshua,Peterson,1962-04-26,Hanga Roa
3321,Lauren,Perez,2004-04-03,Tashkent
3325,Dustin,Morgan,1960-08-10,Kingston
3333,Jared,White,1932-12-12,Lima
3340,Jacob,Diaz,2003-03-11,Islamabad
3345,Cody,Thompson,1961-10-06,Rome
3352,Peter,Williams,1985-07-17,Tunis
3354,Timothy,King,1973-03-08,Washington
3362,Joshua,Moore,1976-03-28,Havana
3363,Jose,Rodriguez,1951-11-21,Sarajevo
3365,Victoria,Torres,1928-05-03,Tirana
3371,Brittany,Morris,1947-06-09,Nassau
3375,Rebecca,Evans,1971-07-28,Pyongyang
3384,Juan,Garcia,2000-10-19,Kinshasa
3391,Matthew,Gutierrez,1995-03-05,Nicosia
3400,Marcus,Smith,1984-04-16,Dakar
3406,Brittany,Lee,2002-02-20,Tegucigalpa
3416,Kimberly,Mitchell,1931-08-04,Castries
3418,Steven,Cruz,1967-02-08,Hanoi
3419,Lindsay,Persson,1992-09-07,Mexico City
3427,Jacob,Rogers,1935-02-28,Nicosia
3431,David,Morris,1931-03-27,Maseru
3432,Brittany,Peterson,1986-09-03,Praia
3434,Sergio,Molina,1976-11-01,Mexico City
3437,Donald,Smith,1971-01-15,Moscow
3442,Vanessa,Diaz,1980-04-10,Hanoi
3449,Derek,Collins,1987-10-20,Kingston
3450,Jonathan,Gomez,1949-03-08,Caracas
3457,Julie,Rivera,1926-03-09,Pristina
3458,Melissa,Martin,1970-10-19,Tegucigalpa
3462,Steven,Rodriguez,1930-12-23,Oslo
3470,Jordan,Murphy,1939-11-24,Caracas
3475,Timothy,Mitchell,1936-04-03,Reykjavík
3481,Jenna,Harris,1939-11-18,Mogadishu
3491,Jessica,Cook,1970-10-11,Nicosia
3501,William,Morris,2000-10-22,Lima
3507,Stephanie,Phillips,1972-01-21,Singapore
3511,Matthew,Garcia,1996-06-09,Kabul
3519,Shannon,Lee,1983-09-15,Valletta
3527,Stephen,Murphy,1978-06-11,Riga
3537,Matthew,Lopez,2005-04-24,Seoul
3540,Lauren,Gonzalez,1989-10-26,Copenhagen
3542,Samantha,Williams,2002-09-19,Mexico City
3547,Mary,Brown,1994-05-16,Valletta
3556,Laura,Nelson,1955-06-22,Dhaka
3564,Tyler,Harris,1985-09-17,Maputo
3570,Kelly,Turner,1949-07-08,Monaco
3576,Zachary,Collins,2005-12-07,Kigali
3582,Tara,Rodriguez,1933-03-18,Montevideo
3588,Jose,Edwards,1980-09-12,Kingston
3591,Jason,Davis,1971-08-28,Taipei
3593,Meghan,Campbell,1979-08-10,Tarawa
3596,Daniel,Allen,1984-06-01,Kigali
3604,Joshua,Perez,1963-07-09,Saipan
3606,Lauren,Evans,1937-05-06,Paris
3611,April,Diaz,1934-09-02,Sarajevo
3619,Joseph,Cruz,1990-11-28,Victoria
3627,Kimberly,Davis,1978-11-20,Saipan
3629,Kyle,Diaz,1935-01-27,Chisinau
3631,Juan,Ortiz,1955-03-12,Lima
3640,Paul,Cruz,1975-12-28,Philipsburg
3647,Thomas,Campbell,1991-11-21,Caracas
3648,Jenna,Green,1977-11-19,Madrid
3652,Jordan,Turner,1955-08-02,Tashkent
3659,Lauren,Young,1939-11-01,Gibraltar
3668,Laura,Reyes,2003-02-24,Sarajevo
3669,Benjamin,Evans,1988-06-02,Mexico City
3674,Jenna,Parker,1965-04-27,Paris
3677,Lisa,Carter,1987-10-19,Paris
3678,Ryan,Hernandez,1953-12-12,Dakar
3687,Robert,Murphy,1977-05-09,Minsk
3692,Crystal,Turner,1929-07-22,Nicosia
3693,Kyle,Brown,1962-04-10,Pristina
3700,Erica,Cook,1959-09-04,Philipsburg
3708,Julie,Parker,1985-09-24,Praia
3718,Nicholas,Davis,1936-01-05,Vientiane
3727,Jennifer,Parker,1988-11-24,Kampala
3736,Lisa,Clark,1981-02-24,Kabul
3739,Courtney,Cox,1938-10-12,Reykjavík
3744,Jamie,Nelson,1950-03-07,Madrid
3754,Jenna,Turner,1970-01-19,Taipei
3764,Andrea,Cruz,1931-11-20,Vientiane
3769,Rachel,Carter,1944-09-18,Monaco
3770,Timothy,Perez,1943-09-15,Thimphu
3778,Danielle,Mitchell,1951-09-26,Skopje
3784,Jacqueline,Williams,1956-02-16,Muscat
3788,Julie,Campbell,1947-04-08,Kinshasa
3798,Sarah,Thomas,1997-02-24,Prague
3807,Brian,Lopez,1932-02-08,Kingstown
3811,Charles,Peterson,1970-12-16,Wellington
3821,Holly,Lewis,1985-05-01,Minsk
3826,Allison,Martin,1981-05-17,Hanga Roa
3829,Stephen,Diaz,1982-08-15,Maseru
3835,Cassandra,Smith,1961-08-06,Lima
3844,Edward,Moore,1950-01-02,Chisinau
3846,Sarah,Turner,1977-04-25,Pyongyang
3850,Adam,Collins,1994-03-28,Valletta
3852,Charles,Robinson,1993-07-07,Kuwait City
3856,April,Martinez,1938-04-04,Victoria
3863,Nicholas,Brown,1939-07-21,Reykjavík
3864,Krystal,Ramirez,1971-11-16,Saipan
3870,Christine,Cook,1927-12-20,Pristina
3876,Anna,Cooper,1988-06-01,Kampala
3886,Katie,Hall,1946-11-16,Tokyo
3895,Danielle,Moore,1956-03-16,London
3899,Samantha,Miller,1993-10-25,Reykjavík
3902,Stephanie,Rogers,1976-01-11,Copenhagen
3908,Marcus,Turner,1968-08-24,Hamilton
3911,William,Davis,1950-10-01,Victoria
3921,Kyle,Taylor,1959-11-18,Road Town
3925,Tara,Brown,1987-09-17,Kathmandu
3927,Stephanie,Williams,1931-12-20,Niamey
3931,John,Robinson,1961-02-27,Doha
3933,Cassandra,Stewart,1940-07-02,Caracas
3940,Mark,Johnson,1993-12-17,Mogadishu
3943,Michael,Diaz,1952-05-24,Vienna
3950,Christina,Nielsen,1975-03-25,Luxembourg
3960,Thomas,Parker,1978-01-23,Kingston
3964,Julie,Nelson,1971-01-08,Canberra
3971,Charles,Edwards,1985-05-22,Kingston
3974,Jenna,Nelson,1992-11-08,London
3978,Crystal,Wright,1940-04-14,Ottawa
3984,Justin,Lee,1928-06-15,Mogadishu
3991,Alexander,Lee,1929-01-05,Luxembourg